has_day;has_night;day_description;night_description;name;address;title;type;litraturer;night_character;day_year_built;night_book;night_year_wrote;day_architect;img_url;night_quote;y;x
;1;;Один из символов Петербурга, воспеваемый Пушкиным во вступлении. Олицетворяет стройность и «строгий вид» города, созданного Петром.;Адмиралтейская игла;Адмиралтейский проезд, 1;;Ориентир;Пушкин А. С.;;;"""Медный всадник""";1837;;;"«...и светла / Адмиралтейская игла...» 
«Люблю тебя, Петра творенье, / Люблю твой строгий, стройный вид».";59.937464;30.308467
1;;"Богословское кладбище, получившее свое название от располагавшейся здесь церкви Иоанна Богослова, было основано на нынешнем месте в 1841 году. В годы Великой Отечественной войны оно стало одним из мест массового захоронения жителей блокадного Ленинграда. 
Для литературной карты города это важнейший некрополь XX века. Здесь покоится целая плеяда выдающихся советских и ленинградских писателей. Именно Богословское кладбище стало местом упокоения знаменитых создателей детской литературы и писателей-натуралистов — Виталия Бианки и Евгения Чарушина. Здесь же находится могила великого сказочника и драматурга Евгения Шварца (автора «Обыкновенного чуда» и «Дракона»), а также известных прозаиков и поэтов Юрия Германа, Александра Прокофьева и Виссариона Саянова.";;Богословское кладбище;проспект Мечникова, 31А;;Захоронение;Бианки В. В., Герман Ю. П., Прокофьев А. А., Саянов В. М., Чарушин Е. И., Шварц Е. Л.;;;;;;https://upload.wikimedia.org/wikipedia/commons/thumb/2/23/Въезд_на_Богословку.jpg/1280px-Въезд_на_Богословку.jpg;;59.989558;30.394520
;1;;Отправная точка романа. Место, где в поезде, прибывающем из Швейцарии, впервые встречаются три ключевых героя произведения — князь Лев Мышкин, Парфен Рогожин и чиновник Лебедев.;Варшавский вокзал;набережная Обводного канала, 118С;;Место действия;Достоевский Ф. М.;Лев Мышкин, Парфен Рогожин, Лукьян Лебедев;;"""Идиот""";1868;;https://upload.wikimedia.org/wikipedia/commons/thumb/1/1c/Varshavskym_old.jpg/1280px-Varshavskym_old.jpg;"«В конце ноября, в оттепель, часов в девять утра, поезд Петербургско-Варшавской железной дороги на всех парах подходил к Петербургу. Было так сыро и туманно, что насилу рассвело...»
«Действительно, въезжали в воксал... Шумная ватага удалилась по направлению к Вознесенскому проспекту. Князю надо было повернуть к Литейной»";59.908105;30.307361
;1;;За время действия романа герой не раз предавался здесь размышлениям. На Вознесенском мосту на его глазах в канал Грибоедова бросилась мещанка Афросиньюшка, а Катерина Мармеладова заставляла своих детей петь и танцевать ради милостыни.;Вознесенский мост;;;Место действия;Достоевский Ф. М.;Родион Раскольников;;"""Преступление и наказание""";1866;;https://p2.citywalls.ru/photo_660-676502.jpg?mt=1724288230;«Хриплый, надорванный голос Катерины Ивановны слышался еще от моста. И действительно, это было странное зрелище, способное заинтересовать уличную публику. Катерина Ивановна в своем стареньком платье, в драдедамовой шали и в изломанной соломенной шляпке, сбившейся безобразным комком на сторону, была действительно в настоящем исступлении… Она бросалась к детям, кричала на них, уговаривала, учила их тут же при народе, как плясать и что петь, начинала им растолковывать, для чего это нужно, приходила в отчаяние от их непонятливости, била их…».;59.926463;30.308164
1;;Красный гранитная плита с текстовой доской.;;Гению места;г. Пушкин, Лицейский пер., 1;;Памятник;Пушкин А. С.;;;;;Вайсман Анатолий Аркадьевич, Гуттовский Юрий Эдуардович;https://avatars.mds.yandex.net/get-altay/19555618/2a0000019ca623dbf25f170ffd5164d522d7/XXXL;;59.717210;30.397518
;1;;"Дом, принадлежащий мещанке Анне Трифоновне Бубновой. Сейчас на его месте расположена станция метро ""Василеостровская""";Дом Бубновой;Средний проспект Васильевского острова, 32;;Место действия;Достоевский Ф. М.;Нелли;;"""Униженные и оскорбленные""";1861;;https://pastvu.com/_p/a/v/n/v/vnvdasx4vttwri7tot.jpg;«...дом, в ворота которого вошла Нелли, был „небольшой, но каменный, старый, двухэтажный, окрашенный грязно-желтою краской. В одном из окон нижнего этажа, которых было всего три, торчал маленький красный гробик, — вывеска незначительного гробовщика“»;59.942835;30.278353
;1;;Богатое жилище респектабельной семьи Епанчиных, куда князь Мышкин направляется сразу по прибытии в Петербург с одним лишь узелком. Где-то здесь жила семья генерала Епанчина. Достоевский не указывает точного адреса, но представить себе героев, прогуливающихся здесь, вполне уместно.;Дом генерала Епанчина;;;Место действия;Достоевский Ф. М.;Князь Мышкин, Иван Епанчин, Лизавета Епачина;;"""Идиот""";1868;;https://avatars.mds.yandex.net/i?id=1edbda3efeb21ac8210ce8ef74ec8c20_l-5088700-images-thumbs&n=13;«Генерал Епанчин жил в собственном своем доме, несколько в стороне от Литейной, к Спасу Преображения. Кроме этого (превосходного) дома, пять шестых которого отдавались в наем, генерал Епанчин имел еще огромный дом на Садовой...»;59.943019;30.352430
;1;;Здесь жила главная героиня произведения Наталья Ихменева вместе с князем Алешей. Наташу любит Иван Петрович. А сама история героини занимает около двух третей романа. Дом сохранился, но был перестроен и сегодня от его изначального облика сегодня мало что осталось.;Дом Наташи Ихменевой;набережная реки Фонтанки, 103;;Место действия;Достоевский Ф. М.;Наташа Ихменева, Иван Петрович;;"""Униженные и оскорбленные""";1861;;https://otvet.imgsmail.ru/download/u_bd0fc047630ccdfe3aded04a70d8dc16_800.jpg;«Я пришел к Наташе уже поздно, в десять часов. Она жила тогда на Фонтанке, у Семеновского моста, в грязном капитальном доме купца Колотушкина, в четвертом этаже»;59.923365;30.320800
;1;;Большой, мрачный наследственный дом купцов Рогожиных. Внешний вид и интерьеры дома полностью отражают тяжелый, темный и страстный внутренний мир самого Парфена. Именно здесь в кабинете висит копия картины Г. Гольбейна «Мертвый Христос в гробу», поразившая Мышкина.;Дом Парфена Рогожина;Гороховая улица, 28;;Место действия;Достоевский Ф. М.;Парфен Рогожин, Лев Мышкин, Настасья Филипповна;;"""Идиот""";1868;;https://avatars.mds.yandex.net/i?id=320c6b2a2d6f264e744decccf7f8a2a6_l-5031604-images-thumbs&n=13;"«Он знал про дом, что он находится в Гороховой, неподалеку от Садовой... Дом этот был большой, мрачный, в три этажа, без всякой архитектуры, цвету грязно-зеленого. <...> Подойдя к воротам и взглянув на надпись, князь прочел: ""Дом потомственного почетного гражданина Рогожина""».
«Твой дом имеет физиономию всего вашего семейства и всей вашей рогожинской жизни...»";59.929957;30.320157
;1;;Родион Романович Раскольников снимал комнату в квартире на последнем этаже четырехэтажного дома, прямо под самой крышей. Писатель сравнивал каморку с гробом или каютой, а по размерам она походила на шкаф. Как в романе, на чердак ведут 13 ступенек. А угловую часть дома с 1999 года украшает горельеф «Дом Раскольникова».;Дом Радиона Раскольникова;Столярный переулок, 5;;Место действия;Достоевский Ф. М.;Родион Раскольников;;"""Преступление и наказание""";1866;;https://petersburg24.ru/files/articles/294_image.jpg?1713272320;«...был замечательно хорош собою, с прекрасными темными глазами, темно-рус, ростом выше среднего, тонок и строен. Весь его вид отображал бедность и нищету»;59.927892;30.310945
;1;;В доме сначала жил старик-машинист Иеремия Смит, которого случайно встретил главный герой романа, литератор Иван Петрович. После смерти старика Иван вселится в его жилище;Дом Смита;переулок Пирогова, 6;;Место действия;Достоевский Ф. М.;Иеремия Смит, Иван Петрович;;"""Униженные и оскорбленные""";1861;;https://spbcult.ru/upload/medialibrary/0c9/thlofgjzb7qolcedni7tumwzuerz2gka.png;«Квартиру старика отыскали. Он, однако же, жил не на Васильевском острову, а в двух шагах от того места, где умер, в доме Клугена, под самою кровлею, в пятом этаже, в отдельной квартире, состоящей из одной маленькой прихожей и одной большой, очень низкой комнаты, с тремя щелями наподобие окон. Жил он ужасно бедно».;59.929335;30.305484
;1;;Реально существующее здание, на крыльце которого Евгений спасался от наводнения. Мраморные львы здесь противопоставлены живой ярости воды. Сидя на звере, герой смотрит на затапливаемый город и на памятник Петру.;Дом со львами;Вознесенский проспект, 1;;Место действия;Пушкин А. С.;Евгений;;"""Медный всадник""";1837;;https://cdnstatic.rg.ru/crop1833x1228/uploads/images/2025/05/03/matiss-klub-illyustraciya-k-povesti-as-pushkina-«mednyy-vsadnik»_88c.jpg;"«Тогда, на площади Петровой, / Где дом в углу вознесся новый, / Где над возвышенным крыльцом... Стоят два льва сторожевые». 
«На звере мраморном верхом... Сидел недвижный, страшно бледный / Евгений».";59.935330;30.307487
;1;;Культуролог и краевед Николай Анциферов в своей книге «Петербург Достоевского» в 1923 году выдвинул предположение, что героиня «Преступления и наказания» жила на Екатерининском канале (сейчас канал Грибоедова) в доме № 73. В произведении Сонечка жила именно на третьем этаже, соседствуя с еще одним персонажем романа — Свидригайловым. В 1953 году зданию надстроили еще один этаж.;Дом Сонечки Мармеладовой;набережная канала Грибоедова, 73;;Место действия;Достоевский Ф. М.;Соня Мармеладова, Родион Раскольников;;"""Преступление и наказание""";1866;;https://photocentra.ru/images/main81/816571_main.jpg;«А Раскольников пошел прямо к дому на канаве, где жила Соня. Дом был трехэтажный, старый и зеленого цвета.;59.926449;30.310415
;1;;"У пушкинской героини имелся прототип, княгиня Наталья Голицина, и у нее, разумеется, был дом. Особняк XVIII века и сегодня стоит на Малой Морской улице, на углу с Гороховой.
Центральное место действия романа. Здесь живет Лизавета Ивановна под строгим надзором старухи, сюда Германн проникает по потаенной лестнице, и здесь происходит роковая сцена смерти графини. Литературоведы связывают этот адрес с «Домом Пиковой дамы» — особняком княгини Голицыной.";Дом старой графини;Малая Морская улица, 10;;Место действия;Пушкин А. С.;Графиня Анна Федотовна, Лизавета Ивановна, Германн;;"""Пиковая дама""";1834;;https://galina.ballesta.org/wp-content/uploads/2021/02/Dom_Pikovoy_Damy_800.jpg;"«...очутился он в одной из главных улиц Петербурга, перед домом старинной архитектуры. Улица была заставлена экипажами, кареты одна за другою катились к освещенному подъезду». 
«Из передней ступайте налево, идите всё прямо до графининой спальни... там же узенькая витая лестница: она ведёт в мою комнату».";59.935354;30.312715
;1;;Старуха-процентщица Алена Ивановна жила в доме № 15 по Средней Подьяческой улице. Квартира располагалась во втором узком дворе, от ворот во двор нужно было повернуть направо. До ее дома, от того места, где жил Раскольников надо пройти 730 шагов: «Идти ему было немного, он даже знал сколько шагов от ворот его дома, ровно семьсот тридцать».;Дом старухи-процентщицы;Средняя Подьяческая улица, 15;;Место действия;Достоевский Ф. М.;Алёна Ивановна, Родион Раскольников;;"""Преступление и наказание""";1866;;https://spbcult.ru/upload/medialibrary/556/gi4f0q2ybg5t4358o4y8130ko3o85uui.jpg;"«Идти ему было немного; он даже знал, сколько шагов от ворот его дома: ровно семьсот тридцать. Как-то раз он их сосчитал, когда уж очень размечтался.” “...подошел он к преогромнейшему дому, выходившему одною стеной на канаву, а другою в — ю улицу.”";59.924871;30.303435
;1;;Место встречи майора и носа;Казанский собор;Казанская площадь, дом 2;;Место действия;Гоголь Н. В.;Майор;;"""Нос""";1836;;https://mir-s3-cdn-cf.behance.net/project_modules/1400/5e94e3164172395.63f28d527c540.jpg;"""Бедный Ковалев чуть не сошел с ума. Он не знал, как и подумать о таком странном происшествии. Как же можно, в самом деле, чтобы нос, который еще вчера был у него на лице, не мог ездить и ходить, – был в мундире! Он побежал за каретою, которая, к счастию, проехала недалеко и остановилась перед Казанским собором.""";59.934612;30.324783
;1;;Как известно, князь Мышкин, увидев Настасью Филипповну у Иволгиных, мечтает попасть к ней на вечер, но не знает адреса. Он полагается на пропойцу генерала Иволгина, который уверяет, что проводит его к Настасье Филипповне, направляя к Большому театру. Буквально через десять страниц Коля Иволгин опровергает утверждение папаши и выручает Льва Николаевича, сообщив, что Настасья Филипповна никогда у Большого театра не жила, а квартира ее «близ Владимирской, у Пяти Углов». И показывает Мышкину дом с «великолепным подъездом» и «швейцаром». Роскошная квартира, которую снимал для Настасьи Филипповны Тоцкий. Здесь происходит кульминация первой части романа: празднование дня рождения, торг за Настасью Филипповну, бросание 100 тысяч рублей в камин и её отъезд с Рогожиным.;Квартира Настасьи Филипповны;;;Ориентир;Достоевский Ф. М.;Настасья Филипповна, Лев Мышкин, Парфен Рогожин;;"""Идиот""";1868;;https://avatars.mds.yandex.net/i?id=a5333d08b6efbe718db25d0f09360ae9_l-5220800-images-thumbs&n=13;«Настасья-то Филипповна? <...> Она живет близ Владимирской, у Пяти Углов, это гораздо ближе отсюда».;59.925913;30.342352
;1;;Патриархальное заведение на Вознесенском проспекте, любимое место сбора немецких ремесленников и обывателей. Здесь происходит первая встреча рассказчика со стариком Смитом и его собакой Азоркой, а также смерть Азорки, что становится эмоциональной завязкой сюжета. Атмосфера тепла и простоты резко контрастирует с холодной петербургской улицей.;кондитерская Миллера;переулок Пирогова, 1;;Место действия;Достоевский Ф. М.;Иеремия Смит, Иван Петрович;;"""Униженные и оскорбленные""";1861;;https://avatars.mds.yandex.net/get-altay/15386533/2a0000019601682cddf5fe4f5e8ae18b6cd8/orig;"«Поровнявшись с кондитерской Миллера, я вдруг остановился как вкопанный и стал смотреть на ту сторону улицы...»
«Посетители этой кондитерской большею частию немцы. Они собираются сюда со всего Вознесенского проспекта – всь хозяева различных заведений...»";59.930022;30.308049
1;;"Старейшее сохранившееся кладбище Санкт-Петербурга, заложенное Петром I как «русский Вестминстер» — пантеон выдающихся деятелей отечественной истории. С 1932 года является музеем-некрополем, захоронения здесь не проводятся. 
Для литературного Петербурга это место имеет особое значение. Здесь находится могила великого русского ученого и поэта Михаила Ломоносова. 
Некрополь тесно связан с именем Александра Пушкина: здесь покоятся его вдова Наталья Николаевна Ланская (Гончарова), двоюродный дед Иван Абрамович Ганнибал, а также люди из его ближайшего окружения (например, граф Н. А. Самойлов). Кроме того, здесь похоронен А. А. Столыпин — родственник и друг Михаила Лермонтова. 
Само существование кладбища в статусе музея стало возможным во многом благодаря Максиму Горькому: в 1934 году именно при его поддержке группа советских литераторов отстояла культурно-историческую ценность этого уникального мемориала, спасив его от разрушения.";;Лазаревское кладбище;Площадь Александра Невского, 1Г;;Захоронение;Ломоносов М. В., Пушкин А. С., Горький М.,;;;;;;https://upload.wikimedia.org/wikipedia/commons/4/4f/Санкт-Петербург%2C_Лазаревское_кладбище%2C_могила_М.В._Ломоносова.JPG;;59.923260;30.387383
1;;"«Литераторские мостки» — самый знаменитый литературный пантеон России. Название возникло в XIX веке: низкая и болотистая почва Волковского кладбища заставляла прокладывать деревянные настилы («мостки»). Участки вдоль этих настилов стали называть по именам тех, кто там упокоен. 
Традиция хоронить здесь литераторов началась в 1848 году с погребения критика Виссариона Белинского. Позже рядом с ним завещали похоронить себя Николай Добролюбов и Иван Тургенев, что окончательно закрепило за этим местом статус главного некрополя русской интеллигенции. 
Здесь покоятся великие прозаики (Салтыков-Щедрин, Лесков, Куприн), поэты (Александр Блок, Ольга Берггольц) и переводчики. В 1935 году некрополь стал музеем: сюда переносили прах выдающихся авторов с других кладбищ, предназначенных под снос (например, останки Блока и Гончарова). Сегодня это уникальное художественное пространство, где надгробия являются памятниками архитектуры и скульптуры.";;Литераторские мостки;Расстанная ул., 30.;«Здесь, на территории Волкова кладбища, в 1802 году был погребен писатель-революционер Александр Николаевич Радищев»;Захоронение;Белинский В. Г., Берггольц О. Ф., Блок А. А., Гарин-Михайловский Н. Г., Гаршин В. М., Добролюбов Н. А., Куприн А. И., Лесков Н. С., Лозинский М. Л., Радищев А. Н., Рождественский В. А., Салтыков-Щедрин М. Е., Тургенев И. С., Чапыгин А. П., Шелгунов Н. В.;;1984;;;;https://upload.wikimedia.org/wikipedia/commons/thumb/d/dc/План_Литераторских_мостков%2C_1914.jpg/1280px-План_Литераторских_мостков%2C_1914.jpg;;59.9043212;30.3591522
;1;;"Медный всадник. События поэмы происходят во время наводнения 1824 года. Евгений, герой произведения, мчится по затопленным улицам к своей невесте.
Главный смысловой центр поэмы. Символ государственной мощи, «неподвижно возвышающийся» над стихией и судьбой маленького человека. Место рокового столкновения Евгения с образом императора.";Медный всадник;Сенатская площадь;;Место действия;Пушкин А. С.;Евгений;;"""Медный всадник""";1837;;https://avatars.mds.yandex.net/i?id=62fe6bc2cf987f93bcbd6e1d8b68ccd1_l-5228069-images-thumbs&n=13;"«Над огражденною скалою / Кумир с простертою рукою / Сидел на бронзовом коне». 
«Ужасен он в окрестной мгле! / Какая дума на челе! / Какая сила в нем сокрыта!»";59.936429;30.302170
1;;Обелиск с стелами.;;Место дуэли А.С. Пушкина;Коломяжский пр., 10;;Памятник;Пушкин А. С.;;;;;Лапиров Абрам Ильич, Катонин Евгений Иванович;https://avatars.mds.yandex.net/get-altay/1360498/2a00000164d1512f21ba5c71423460966eb5/XXXL;;59.994986;30.301873
1;;Уникальный музей-некрополь под открытым небом, ставший местом упокоения многих классиков русской литературы. Кладбище было заложено в 1823 году из-за переполненности старого Лазаревского погоста. Свою современную форму оно обрело в 1930-е годы, когда советская власть решила создать здесь «Некрополь мастеров искусств». Сюда со всех концов Петербурга (в том числе с уничтожаемых кладбищ) свозили прах и художественные надгробия великих писателей, композиторов и скульпторов. Парадокс этого «мемориального парка» в том, что ради спасения памятников гениям были безжалостно уничтожены сотни исторических могил обычных петербуржцев, которые власть сочла «не представляющими ценности». Сейчас памятники здесь сгруппированы по «творческому родству», а сама территория является музеем и больше не принадлежит Александро-Невской лавре.;;Некрополь мастеров искусств;Площадь Александра Невского, 1В;;Захоронение;Дельвиг А. А., Достоевский Ф. М., Жуковский В. А., Карамзин Н. М., Крылов И. А., Стасов В. В.;;;;;;https://upload.wikimedia.org/wikipedia/commons/thumb/3/3d/План_Тихвинского_кладбища%2C_1914.jpg/1280px-План_Тихвинского_кладбища%2C_1914.jpg;;59.922545;30.385675
1;1;Нос майора Ковалева можно назвать самым необычным памятником в Санкт-Петербурге. Идея создания скульптуры принадлежит писателю, актеру и режиссеру Виктору Жуку. Памятник установили на фасаде дома № 11 по Вознесенскому проспекту, в том самом месте, где жил его литературный обладатель — персонаж повести Н.В. Гоголя «Нос». 27 ноября 1995 года скульптуру торжественно открыли участники Фестиваля сатиры и юмора «Золотой Остап». Из серой известняковой плиты размером 60 см на 35 см торчит нос, сделанный из розового украинского мрамора, привезенного с родины Н.В. Гоголя.;Нос майора Ковалева можно назвать самым необычным памятником в Санкт-Петербурге. Идея создания скульптуры принадлежит писателю, актеру и режиссеру Виктору Жуку. Памятник установили на фасаде дома № 11 по Вознесенскому проспекту, в том самом месте, где жил его литературный обладатель — персонаж повести Н.В. Гоголя «Нос». 27 ноября 1995 года скульптуру торжественно открыли участники Фестиваля сатиры и юмора «Золотой Остап». Из серой известняковой плиты размером 60 см на 35 см торчит нос, сделанный из розового украинского мрамора, привезенного с родины Н.В. Гоголя.;Нос майора Ковалева;Вознесенский проспект, 36;;Памятник;Гоголь Н. В.;Цирюльник Иван Яковлевич;1995;"""Нос""";1833;;https://avatars.mds.yandex.net/get-altay/6333331/2a0000018073dc5fcf87ec2f45db3220ea55/XXXL;"""Разрезавши хлеб на две половины, он поглядел в середину и, к удивлению своему, увидел что-то белевшееся. Иван Яковлевич ковырнул осторожно ножом и пощупал пальцем. «Плотное! — сказал он сам про себя, — что бы это такое было?»Он засунул пальцы и вытащил — нос!.. Иван Яковлевич и руки опустил; стал протирать глаза и щупать: нос, точно нос! и еще, казалось, как будто чей-то знакомый. Ужас изобразился в лице Ивана Яковлевича. Но этот ужас был ничто против негодования, которое овладело его супругою.""";59.924576;30.308240
;1;;Реально существовавшая в Петербурге больница (первая городская), при которой находился «Дом призрения для умалишенных». Здесь заканчивается путь Германна.;Обуховская больница;Набережная реки Фонтанки, 106;;Место действия;Пушкин А. С.;Германн;;"""Пиковая дама""";1834;;https://avatars.mds.yandex.net/i?id=04da19ff2b7988903728a4a9e2c3c312_l-3831986-images-thumbs&n=13;«Германн сошёл с ума. Он сидит в Обуховской больнице в 17-м нумере, не отвечает ни на какие вопросы и бормочет необыкновенно скоро: «Тройка, семёрка, туз! Тройка, семёрка, дама!..»;59.922008;30.320936
;1;;"Парадный подъезд на Литейном. Центральный образ, олицетворяющий социальное неравенство и равнодушие власти. Место, куда приходят крестьяне в надежде на справедливость, но их прогоняют. В реальном мире это был ""Дом департамента уделов"" - дом министра земельных и лесных угодий М. Н. Муравьева.";Парадный подъезд;Литейный проспект, 37-39;;Место действия;Некерасов Н. А.;;;"""Размышления у парадного подъезда""";;;https://avatars.mds.yandex.net/i?id=c023d36ac2bd74fb72e3f637c28160eb_l-5250635-images-thumbs&n=13;"«Вот парадный подъезд. По торжественным дням, одержимый холопским недугом, целый город с каким-то испугом подъезжает к заветным дверям...» 
«А в обычные дни этот пышный подъезд осаждают убогие лица: прожектеры, искатели мест, и преклонный старик, и вдовица».";59.939789;30.347875
;1;;Здесь, как полагают исследователи, находилась контора квартального надзирателя, куда Раскольникова вызвали за неуплату долга хозяйке квартиры — почти сразу после убийства. В эту же контору в конце романа Раскольников пришел с повинной.Во времена Достоевского здесь действительно размещалась полицейская контора 3-го квартала Казанской части (к этой части относился дом Раскольникова в Столярном переулке).;Полицейская контора;набережная канала Грибоедова, 65-67;;Место действия;Достоевский Ф. М.;Родион Раскольников;;"""Преступление и наказание""";1866;;https://sun9-8.userapi.com/s/v1/if1/guofjcJTDXnjsv3VR3xgy0pYwfjtfeCpFiKuKgl1yaeNlDCYdfL6c0P9vL8fvswwHfVjzpLi.jpg?quality=96&as=32x26,48x39,72x58,108x87,160x129,240x194,360x291,480x388,540x436,640x517,720x582,798x645&from=bu&u=gTv3lBhd1JOUlPKJui-Jj0TtKRGYv08UUyHPkea5Z7I&cs=798x645;"«Контора была от него с четверть версты. Она только что переехала на новую квартиру, в новый дом, в четвертый этаж. На прежней квартире он был когда-то мельком, но очень давно.
<…>
Лестница была узенькая, крутая и вся в помоях. Все кухни всех квартир во всех четырех этажах отворялись на эту лестницу и стояли так почти целый день. Оттого была страшная духота».";59.926702;30.314718
1;;;;Пушкин ушёл;улица Савушкина, 1/2;;Памятник;Пушкин А. С.;;;;;;https://avatars.mds.yandex.net/get-altay/14584627/2a000001971268db4f0405b312b5a846fee4/XXXL;;59.986707;30.300176
;1;;Ресторан Бореля. Обозначен в романе как «ресторан Б.», упоминается в романе как одна из городских реалий. Заведение с отдельными кабинетами, где происходит ключевая циничная исповедь князя и финальное объяснение с рассказчиком. Атмосфера ресторана подчеркивает разврат, светскую фальшь и моральное разложение, становясь местом кульминации конфликта и раскрытия истинной натуры князя.;Ресторан Б.;Большая Морская улица, 16;;Место действия;Достоевский Ф. М.;Князь Валковский, Иван Петрович;;"""Униженные и оскорбленные""";1861;;https://static.sobaka.ru/images/image/01/48/79/89/_normal.jpg?v=1634122905;"""— Ну, разумеется, и поговорим за ужином, — прибавил он, пристально и хитро смотря мне прямо в глаза.
Как было не понять! «Он хочет высказаться, — подумал я, — а мне ведь того и надо». Я согласился.
— Дело в шляпе. В Большую Морскую, к Б.
— В ресторан? — спросил я с некоторым замешательством.
— Да. А что ж? Я ведь редко ужинаю дома. Неужели ж вы мне не позволите пригласить вас?""";59.935299;30.317018
;1;;Один из самых известных и фешенебельных ресторанов Петербурга 1860-х годов, соперничавший по популярности с заведением Бореля. В романе упоминается как место встреч представителей «теневой» стороны высшего света, где обсуждаются сомнительные сделки, вершатся финансовые махинации и разгуливает разврат. Упоминание реального адреса усиливает документальность «петербургского текста» Достоевского, подчёркивая контраст между блестящими заведениями и духовной драмой главных героев.;Ресторан Дюссо;Кирпичный переулок, 6;;Ориентир;Достоевский Ф. М.;Степан Сизобрюхов;;"""Униженные и оскорбленные""";1861;;https://media.kudago.com/thumbs/xl/images/rich_editor/98/3c/983c3df2b5749549164eb24b353616b3.jpg;"«А вы бы с нами, Филипп Филиппыч, полдюжинки распили-с, у Дюссо-с, прикажете надеяться-с?»
«Ресторан Дюссо помещался также на Большой Морской в доме Жако, 11/6, на углу Кирпичного переулка и пользовался одинаковой известностью с рестораном Бореля.»";59.935543;30.316404
;1;;Место похорон графини, где Германну кажется, что покойница подмигнула ему из гроба. Это событие окончательно подрывает его психику.;Свято-Троицкая Александро-Невская Лавра;набережная реки Монастырки, 1;;Место действия;Пушкин А. С.;Германн, Лизавета Ивановна;;"""Пиковая дама""";1834;;https://upload.wikimedia.org/wikipedia/commons/c/c8/Alexander_Nevsky_Lavra_1880.jpg;"«Германн отправился в *** монастырь, где должны были отпевать тело усопшей графини». 
«Церковь была полна. Германн насилу мог пробраться сквозь толпу народа. Гроб стоял на богатом катафалке под бархатным балдахином».";59.921101;30.388533
;1;;Именно здесь у главного героя Родиона Раскольникова в голову закралась мысль об убийстве старухи-процентщицы. Он подслушал разговор ее сестры — Лизаветы Ивановны — и узнал, что «старуха… ровно в семь часов вечера останется дома одна». Здесь же Раскольников и покаялся в совершенном преступлении. Когда Соня Мармеладова сказала ему: «Поди на перекресток, поклонись всему миру и скажи: «Я убийца» — он вновь пришел на Сенную. Он встал на колени посреди площади и поцеловал «эту грязную землю с наслаждением и счастием». Однако внимание прохожих не дало ему вслух сознаться в убийстве.;Сенная площадь;;;Место действия;Достоевский Ф. М.;Родион Раскольников, Соня Мармеладова;;"""Преступление и наказание""";1866;;https://avatars.mds.yandex.net/i?id=0ffb4e708ac38c22fea9213241f1f7ab_l-3986671-images-thumbs&n=13;«Поди на перекресток, поклонись народу, поцелуй землю, потому что ты и пред ней согрешил, и скажи всему миру вслух: «Я убийца!». Он весь задрожал, припомнив это. И до того уже задавила его безвыходная тоска и тревога всего этого времени, но особенно последних часов, что он так и ринулся в возможность этого цельного, нового, полного ощущения. Каким-то припадком оно к нему вдруг подступило: загорелось в душе одною искрой и вдруг, как огонь, охватило всего. Всё разом в нем размягчилось, и хлынули слезы. Как стоял, так и упал он на землю»;59.926887;30.318089
1;;Одно из старейших кладбищ города на Васильевском острове. Оно известно как место «первоначальных» захоронений Александра Блока и Тараса Шевченко (позже их прах был перенесен, но места отмечены кенотафами). Это кладбище — хранитель памяти о близких великих писателей (семьи Достоевского, Зощенко, няня Пушкина).;;Смоленское православное кладбище;Васильевский остров, ул. Камская, 24;;Захоронение;Блок А. А., Шевченко Т. Г., Достоевский Ф. М., Пушкин А. С., Зощенко М. М.;;;;;;https://upload.wikimedia.org/wikipedia/commons/thumb/8/86/План_Смоленского_православного_кладбища%2C_1914.jpg/1280px-План_Смоленского_православного_кладбища%2C_1914.jpg;;59.943188;30.247670
;1;;Вокзал, соединяющий Петербург с дачным пригородом — Павловском. Здесь в толпе Мышкину мерещатся глаза Рогожина, что усиливает его лихорадочное состояние.;Царскосельский вокзал;Загородный проспект, 52;;Место действия;Достоевский Ф. М.;Лев Мышкин, Парфен Рогожин;;"""Идиот""";1868;;https://avatars.mds.yandex.net/i?id=3e6fdb4e84221332a48bceb5c315c16e_l-5268869-images-thumbs&n=13;«К шести часам очутился на дебаркадере Царскосельской железной дороги! Уединение скоро стало ему невыносимо... Садясь в вагон, он вдруг бросил только-что взятый билет на пол и вышел обратно из воксала...»;59.919948;30.328816
;1;;В романе он упоминается неоднократно, поскольку мысли о благоустройства города волновали автора романа и его современников. Мимо него Раскольников проходит к старухе;Юсупов сад;Садовая улица, 50;;Ориентир;Достоевский Ф. М.;Родион Раскольников;;"""Преступление и наказание""";1866;;https://avatars.mds.yandex.net/get-vertis-journal/4465444/IMG_2442.JPG_1731050876307/orig;"""Занимали его в это мгновение даже какие-то посторонние мысли, только всё ненадолго. Проходя мимо Юсупова сада, он даже очень было занялся мыслию об устройстве высоких фонтанов и о том, как бы они хорошо освежали воздух на всех площадях. Мало-помалу он перешел к убеждению, что если бы распространить Летний сад на все Марсово поле и даже соединить с дворцовым Михайловским садом, то была бы прекрасная и полезнейшая для города вещь. Тут заинтересовало его вдруг: почему именно во всех больших городах человек не то что по одной необходимости, но как-то особенно наклонен жить и селиться именно в таких частях города, где нет ни садов, ни фонтанов, где грязь и вонь и всякая гадость. Тут ему вспомнились его собственные прогулки по Сенной, и он на минуту очнулся. «Что за вздор, – подумал он. – Нет, лучше совсем ничего не думать!»""";59.924072;30.311932
1;;Гранит;;Абрамов Ф. А.;Мичуринская ул., 1;«В этом доме в 1982–1983 годах жил и работал писатель Федор Александрович Абрамов»;Мемориальная табличка;Абрамов Ф. А.;;1992;;;Арх. Милорадович Т. Н.;https://encspb.ru/image/2805549274/1;;59.9534843;30.3323832
1;;Бронза;;Ахматова А. А.;г. Пушкин, Леонтьевская ул., 17, Детская музыкальная школа (Ф-148);«Здесь, в здании бывшей Мариинской гимназии, с 1900 по 1905 гг. училась Анна Андреевна Ахматова»;Мемориальная табличка;Ахматова А. А.;;1989;;;Архитектор Ф.А. Гепнер, скульптор Я.Я. Нейман.;https://encspb.ru/image/2805549470/1;;59.719511;30.403670
1;;Гранит, бронза;;Ахматова А. А.;сад Фонтанного дома, Литейный проспект, 53;«Музей Анны Ахматовой. “Фонтанный дом»;Мемориальная табличка;Ахматова А. А.;;1989;;;Архитектор В.А. Петров, скульптор А.М. Игнатьев.;https://encspb.ru/image/2805549495/1;;59.9362231;30.3467921
1;;;;Белинский В. Г.;Невский проспект, 68/40;«В этом доме в 1842–1846 гг. жил Виссарион Григорьевич Белинский»;Мемориальная табличка;Белинский В. Г.;;1948;;;Арх. Смирнов Н. И.;;;59.933775;30.3443673
1;;;;Беляев А. Р.;г. Пушкин, Конюшенная ул., 19;«В этом доме с 1938 года по 1942 год жил писатель-фантаст Александр Романович Беляев»;Мемориальная табличка;Беляев А. Р.;;1979;;;Арх. Милорадович Т. Н.;https://avatars.mds.yandex.net/get-altay/14664328/2a000001962ef7e40c0b1a5d62bbaab1a0f9/XXXL;;59.718456;30.412548
1;;;;Берггольц О. Ф.;Рубинштейна ул., 7 (Ф-151);«В этом доме с 1932 по 1943 год жила и работала поэт Ольга Федоровна Берггольц»;Мемориальная табличка;Берггольц О. Ф.;;1990;;;Арх. Васильев А. Н., скульптор Винниченко В. И.;https://encspb.ru/image/2805549638/1;;59.9309153;30.3448379
1;;;;Берггольц О. Ф.;Итальянская улица, 27;«...И спаяны сильней, чем кровью рода, родней, чем дети одного отца, сюда зимой 42 года сошлись сопротивляться до конца. ...И даже тем, кто все хотел бы сгладить в зеркальной робкой памяти людей, не дам забыть»;Мемориальная табличка;Берггольц О. Ф.;;1993;;;;https://encspb.ru/image/2805549666/1;;59.935683;30.338651
1;;;;Бианки В. В;В.О., 3-я линия, 58;«В этом доме жил писатель Виталий Бианки»;Мемориальная табличка;Бианки В. В;;1994;;;Арх. Милорадович Т. Н.;;;59.9478669;30.279624
1;;;;Блок А. А.;Петроградская набережная, 44.;«В этом доме с 1889 года по 1906 год жил поэт Александр Блок»;Мемориальная табличка;Блок А. А.;;1980;;;Арх. Милорадович Т. Н.;;;59.965275;30.3333581
1;;;;Блок А. А.;Университетская наб., 7. С.-Петербургский Государственный университет. Ректорский корпус. (Ф-154);«В этом доме 16 (28) ноября 1880 года родился Александр Блок»;Мемориальная табличка;Блок А. А.;;1974;;;Арх. Милорадович Т. Н.;https://encspb.ru/image/2805549733/1;;59.9400029;30.2996888
1;;;;Блок А. А.;Декабристов ул., 57. (Ф-153);«В этом доме жил с 6 августа 1912 г. и умер 7 августа 1921 г. Александр Блок»;Мемориальная табличка;Блок А. А.;;1946;;;Арх. Смирнов Н. И.;https://encspb.ru/image/2805549709/1;;59.9234832;30.2820381
1;;Гранит, бронза;;Бродский И. А.;Литейный проспект, 24. (Ф-155);«В этом доме с 1955 по 1972 год жил поэт Иосиф Александрович Бродский»;Мемориальная табличка;Бродский И. А.;;1996;;;Арх. Милорадович Т. Н., скульптор Лазарев Л. К.;https://encspb.ru/image/2805549853/1;;59.9426117;30.3488126
1;;;;Бунин И. А.;площадь Островского, 7 (Ф-157);«В этом здании 21-го ноября 1895 г. состоялось первое литературное выступление великого русского писателя Ивана Алексеевича Бунина. 1870–1953»;Мемориальная табличка;Бунин И. А.;;1996;;;Арх. Романовский Ф. К., скульптор Джибраев Ю. Г.;https://encspb.ru/image/2805549962/1;;59.931706;30.3349521
1;;Мрамор;;Вишневский В. В.;Профессора Попова ул., 10;«В этом доме с 1941 по 1944 год жил и работал писатель Всеволод Витальевич Вишневский»;Мемориальная табличка;Вишневский В. В.;;1952;;;;;;59.9709360;30.3124270
1;;Гранит, бронза;;Гарин-Михайловский Н. Г.;Московский проспект, 9. Университет путей сообщения;«Здесь учился писатель-демократ Гарин-Михайловский Николай Георгиевич, крупный инженер, строитель Транссибирской магистрали»;Мемориальная табличка;Гарин-Михайловский Н. Г.;;1984;;;Арх. Черепанов В. И., скульптор Петин В. П.;https://encspb.ru/image/2805550995/1;;59.9243647;30.3173695
1;;Гранит;;Гаршин В. М.;9-я Советская ул., 22/23;«В этом доме в 1883–1885 годах жил и работал русский писатель Всеволод Михайлович Гаршин»;Мемориальная табличка;Гаршин В. М.;;1990;;;Арх. Питаев В. Л.;;;59.9368031;30.3771934
1;;Гранит;;Герман Ю.П.;Марсово поле, 7;«В этом доме с 1948 по 1967 год жил выдающийся советский писатель Юрий Павлович Герман»;Мемориальная табличка;Герман Ю.П.;;1968;;;Арх. Милорадович Т. Н.;https://encspb.ru/image/2805551046/1;;59.9424278;30.3296386
1;;Мрамор;;Герцен А. И.;Большая Морская ул., 25;«В этом доме в квартире № 21 в 1840–41 гг. жил Александр Иванович Герцен»;Мемориальная табличка;Герцен А. И.;;1955;;;Арх. Егоров М. Ф.;;;59.9341523;30.3131205
1;;;;Гоголь Н. В.;Малая Морская ул., 17;«В этом доме с 1833 г. по 1836 г. жил Николай Васильевич Гоголь»;Мемориальная табличка;Гоголь Н. В.;;1963;;;Арх. Гепнер Ф. А., скульптор Эйдлин Л. Ю.;https://encspb.ru/image/2805551145/1;;59.9339863;30.3126633
1;;Мрамор;;Гоголь Н. В.;Университетская наб., 7, С.-Петербургский Государственный университет. Библиотека им. А.М. Горького;«1809–1852. Памяти Николая Васильевича Гоголя, Адъюнкт-профессора С.П.Б. Университета. 1834–1835 г. Совет Университета. 1909 г.»;Мемориальная табличка;Гоголь Н. В.;;1909;;;;https://encspb.ru/image/2805551126/1;;59.941222;30.299776
1;;;;Горький М.;Кронверкский проспект, 23 (Ф-169);«В этом доме жил с 1914 г. по 1921 г. Алексей Максимович Горький. Возобновлена в 1960 г.»;Мемориальная табличка;Горький М.;;1961;;;Арх. Егоров М. Ф.;https://encspb.ru/image/2805551266/1;;59.9568505;30.3184361
1;;Гранит, бронза;;Грибоедов А. С.;Большая Морская ул., 14.;«В этом доме в 1828 году жил Александр Сергеевич Грибоедов»;Мемориальная табличка;Грибоедов А. С.;;1961;;;Арх. Смирнов Н. И., скульптор Кирпичникова Т. С.;;;59.9358706;30.3174456
1;;Гранит;;Грин А. С;Декабристов ул., 11. (Ф-171);«В этом доме в 1921–22 годах жил и работал известный советский писатель Александр Грин»;Мемориальная табличка;Грин А. С;;1986;;;Арх. Бухаев В. Б.;https://encspb.ru/image/2805551305/1;;59.9285077;30.3042227
1;;Мрамор;;Гумилев Н. С.;г. Пушкин, Набережная ул., 12;«Здесь, в здании Николаевской царскосельской гимназии, с 1903 по 1906 год учился Николай Степанович Гумилев. 1886–1921»;Мемориальная табличка;Гумилев Н. С.;;1993;;;Арх. Егоров А. Ю.;;;59.715370;30.412547
1;;Мрамор;;Гумилев Н. С.;Радищева ул., 5.;«Здесь жил Николай Гумилев»;Мемориальная табличка;Гумилев Н. С.;;1991;;;Арх. Милорадович Т. Н.;;;59.93668154;30.36265717
1;;Мрамор;;Гумилев Н. С.;В.О., 5-я линия, 10.;«Здесь жил Николай Гумилев»;Мемориальная табличка;Гумилев Н. С.;;1988;;;;https://encspb.ru/image/2805553966/1;;59.9388779;30.2866654
1;;Мрамор;;Данилевский Г. П.;Невский проспект, 71/1;«В этом доме жил 26 лет и скончался 4 декабря 1890 г. писатель-романист Григорий Петрович Данилевский»;Мемориальная табличка;Данилевский Г. П.;;1911;;;;https://encspb.ru/image/2805551382/1;;59.931589;30.355215
1;;Гранит;;Дельвиг А.А.;Загородный проспект, 1.;«В этом доме с 1829 по 1831 год жил и работал известный русский поэт Антон Антонович Дельвиг»;Мемориальная табличка;Дельвиг А.А.;;1984;;;Арх. Бухаев В. Б.;https://encspb.ru/image/2805551439/1;;59.927887;30.3464028
1;;Гранит;;Дидро Д.;Исаакиевская пл, 36;«В этом доме с 8 октября 1773 по 5 марта 1774 жил великий французский просветитель Дени Дидро»;Мемориальная табличка;Дидро Д.;;1991;;;Арх. Васильковский В.С.;https://encspb.ru/image/2805551553/1;;59.9330516;30.3060045
1;;Мрамор;;Добролюбов Н. А.;Литейный проспект, 36 (Ф-177);«В этом доме с конца августа 1858 года до июня 1859 года жил великий русский революционный демократ Николай Александрович Добролюбов»;Мемориальная табличка;Добролюбов Н. А.;;1955;;;;;;59.9395379;30.3486641
1;;;;Довлатов С. Д.;Ул. Рубинштейна, 23;"""В этом доме с 1944 по 1975 г жил писатель Сергей Довлатов""";Мемориальная табличка;Довлатов С. Д.;;;;;;;;59.9278061;30.342885
1;;;;Достоевский Ф. М.;Кузнечный пер., 5 (Ф-178);«В этом доме в 1846 г. и с 1878 г. по день смерти 9 февраля 1881 г. жил Федор Михайлович Достоевский. Здесь им был написан роман “Братья Карамазовы»;Мемориальная табличка;Достоевский Ф. М.;;1956;;;Арх. Егоров М. Ф., скульптор Соколов Н. А.;https://encspb.ru/image/2805551604/1;;59.9273773;30.350833
1;;;;Достоевский Ф. М.;Графский пер., 10 (угол Владимирского проспект);«В этом доме с 1842 г. по 1845 г. жил Федор Михайлович Достоевский. Здесь им был написан роман “Бедные люди»;Мемориальная табличка;Достоевский Ф. М.;;1971;;;Арх. Егоров М. Ф.;;;59.930293;30.347203
1;;;;Достоевский Ф. М.;Егорова ул., 8. Архитектурно-строительный университет.;«На этом месте стоял доходный дом, в котором с марта 1860 года по сентябрь 1861 года жил великий русский писатель Ф.М. Достоевский и работал над “Записками из мертвого дома” и романом “Униженные и оскорбленные»;Мемориальная табличка;Достоевский Ф. М.;;1995;;;Арх. Емельянов В. И;;;59.914787;30.314232
1;;;;Достоевский Ф. М.;Казначейская ул., 7;«В этом доме в 1864–1867 годах жил Федор Михайлович Достоевский. Здесь написан роман “Преступление и наказание»;Мемориальная табличка;Достоевский Ф. М.;;1998;;;Арх. Михайлов С.Л., художник Соколов Н. Н.;https://encspb.ru/image/2805551660/1;;59.9268817;30.3126499
1;;Гранит;;Есенин С. А.;Литейный проспект, 33 (Ф-183);«В этом доме в 1917–1918 годах жил поэт Сергей Есенин»;Мемориальная табличка;Есенин С. А.;;1971;;;Арх. Милорадович Т. Н., скульптор Кузнецов О. И.;https://encspb.ru/image/2805551733/1;;59.940998;30.348152
1;;Мрамор;;Есенин С. А.;Малая Морская ул., 24–26 (Ф-184);«В бывшей гостинице “Англетер” 28 декабря 1925 года трагически оборвалась жизнь поэта Сергея Есенина»;Мемориальная табличка;Есенин С. А.;;1994;;;Арх. Петров В.А.;https://encspb.ru/image/2805551804/1;;59.9340034;30.3088079
1;;;;Зощенко М. М.;Грибоедова канала наб., 9.;«В этом доме в 1934–1958 годах жил и работал писатель Михаил Михайлович Зощенко»;Мемориальная табличка;Зощенко М. М.;;1994;;;Арх. Милорадович Т. Н., Соколов Н. А., скульптор Горевой В. Э.;https://encspb.ru/image/2805551844/1;;59.9378374;30.3269623
1;;Гранит, бронза;;Зощенко М. М.;г. Сестрорецк, Токарева ул., 7. Центральная библиотека.;«Сестрорецкая районная библиотека носит имя М. Зощенко»;Мемориальная табличка;Зощенко М. М.;;1997;;;Скульптор Онешко В.Ф.;;;60.088506;29.956244
1;;Гранит;;Иванов В. И.;Таврическая ул., 35;«В этом доме, на “башне” Вячеслава Иванова, в 1905–1912 годах собирались деятели русской культуры, поэты, философы, художники.»;Мемориальная табличка;Иванов В. И.;;1994;;;дар города Невесель (Франция);;;59.9467560;30.3784394
1;;;;Карамзин Н. М.;;"""В этом доме в 1816-1821 г.г. жил Николай Михайлович Карамзин, известный русский писатель и историк, здесь бывали лицеист Пушкин, П. Я. Чаадаев, В. А. Жуковский, А. И. Тургенев, П. А. Вяземский""";Мемориальная табличка;Карамзин Н. М.;;;;;;;;59.7166;30.3994116
1;;;;Крылов И. А.;площадь Островского, 1;«В этом здании с 1812 г. по 1841 г. работал библиотекарем великий русский баснописец Иван Андреевич Крылов»;Мемориальная табличка;Крылов И. А.;;1956;;;Арх. Егоров М. Ф., скульптор Соколов Н. А.;https://encspb.ru/image/2805552721/1;;59.9335192;30.335926
1;;;;Крылов И. А.;В.О., 1-я линия, 8;«В этом доме с 1841 г. жил в 1844 г. умер великий русский баснописец Иван Андреевич Крылов»;Мемориальная табличка;Крылов И. А.;;1955;;;Арх. Егоров М. Ф.;https://p3.citywalls.ru/photo_394-404371.jpg?mt=1563360404;;59.9400335;30.2920701
1;;Мрамор;;Купала Я.;В.О., 4-я линия, 45;«В этом доме с 1909–1913 гг. жил народный поэт Белоруссии Янка Купала (Иван Доминикович Луцевич)»;Мемориальная табличка;Купала Я.;;1955;;;;https://encspb.ru/image/2805552756/1;;59.9460587;30.2788893
1;;Гранит;;Куприн А. И.;Разъезжая ул., 7 (не разъездная);«В этом доме в 1906–1908 годах жил и работал писатель Александр Иванович Куприн»;Мемориальная табличка;Куприн А. И.;;1992;;;Арх. Милорадович Т. Н.;https://encspb.ru/image/2805552774/1;;59.9253687;30.3439886
1;;;;Лермонтов М. Ю.;г. Пушкин, Кадетский бульвар, 1;«Здесь, в лейб-гвардии гусарском полку, с 1834 по 1837 гг. и с 1838 по 1840 гг. служил великий русский поэт Михаил Юрьевич Лермонтов»;Мемориальная табличка;Лермонтов М. Ю.;;1962;;;Арх. Егоров М. Ф., скульптор Дыдыкин Н. В.;;;59.709065;30.397776
1;;;;Лермонтов М. Ю.;Садовая ул., 61. (Ф-205);«В этом доме жил Михаил Юрьевич Лермонтов в 1836–1837 гг. Здесь им написано стихотворение “Смерть поэта»;Мемориальная табличка;Лермонтов М. Ю.;;2006;;;Арх. Егоров М. Ф., скульптор Дыдыкин Н. В.;https://encspb.ru/image/2805552927/1;;59.9224413;30.3065423
1;;;;Лесков Н. С.;Фурштатская ул., 50;«В этом доме с 1889 по 1895 год жил и работал выдающийся русский писатель Николай Семенович Лесков»;Мемориальная табличка;Лесков Н. С.;;1981;;;Арх. Питаев В. Л.;https://encspb.ru/image/2805552956/1;;59.9452776;30.3640204
1;;;;Лозинский М. Л.;Каменноостровский проспект, 73–75 (Ф-210);«В этом доме с 1915 г. по 1955 г. жил выдающийся поэт-переводчик, лауреат Государственной премии Михаил Леонидович Лозинский»;Мемориальная табличка;Лозинский М. Л.;;1963;;;Скульптор Робачевский Р. И.;https://encspb.ru/image/2805553037/1;;59.975271;30.303621
1;;;;Маршак С. Я.;Литейный проспект, 21;"""В этом доме с 1927 по 1938 год жил и работал выдающийся советский писатель Самуил Яковлевич Маршак""";Мемориальная табличка;Маршак С. Я.;;;;;;;;59.9429349;30.3482038
1;;;;Мицкевич А.;Казанская ул., 39;«В этом доме жил великий польский поэт Адам Мицкевич с апреля 1828 г. по 15 (27) мая 1829 г.»;Мемориальная табличка;Мицкевич А.;;1955;;;Арх. Егоров М.Ф.;;;59.928731;30.3101886
1;;;;Набоков В. В.;Большая Морская ул., 47;«В этом доме родился писатель Владимир Владимирович Набоков. 1899–1977»;Мемориальная табличка;Набоков В. В.;;1992;;;Арх. Михайлов С. Л.;https://encspb.ru/image/2805553377/1;;59.9318236;30.3049746
1;;Мрамор;;Некрасов Н. А.;Литейный проспект, 36;«Николай Алексеевич Некрасов жил 20 лет в этом доме и скончался 27-го декабря 1877 года»;Мемориальная табличка;Некрасов Н. А.;;1950;;;Арх. Хусид Р. Е.;;;59.9395992;30.3486695
1;;;;Никитин Н. Н.;Моховая ул., 28;«В этом доме с 1927 по 1963 гг. жил и работал писатель Николай Николаевич Никитин»;Мемориальная табличка;Никитин Н. Н.;;1970;;;Арх. Гепнер Ф. А.;https://encspb.ru/image/2805545204/1;;59.9415791;30.3454259
1;;Бронза;;Орлов С. С.;Малая Посадская ул., 8 (Ф-222);«В этом доме с 1956 по 1971 год жил и работал поэт Сергей Сергеевич Орлов»;Мемориальная табличка;Орлов С. С.;;1985;;;Арх. Бухаев В. Б., скульптор Аникушин М. К.;https://encspb.ru/image/2805553463/1;;59.9579198;30.3212474
1;;;;Панова В. Ф.;Марсово поле, 7;«Здесь с 1948 года по 1970 год жила и работала писательница Вера Федоровна Панова»;Мемориальная табличка;Панова В. Ф.;;1986;;;Арх. Милорадович Т. Н.;https://encspb.ru/image/2805553485/1;;59.9424747;30.3296018
1;;Гранит, мрамор, бронза;;Пикулю В. С.;4-я Красноармейская ул., 16. (Ф-227);«В этом доме с 1947 по 1961 год жил известный писатель Валентин Саввич Пикуль»;Мемориальная табличка;Пикулю В. С.;;1996;;;Арх. Романовский Ф. К., скульптор Джибраев Ю. Г.;https://encspb.ru/image/2805553587/1;;59.913753;30.3125057
1;;Мрамор;;Писемский А. Ф.;Садовая ул., 51.;«В этом доме с 1858 г. по 1863 г. жил Алексей Феофилактович Писемский. Здесь он написал драму “Горькая судьбина»;Мемориальная табличка;Писемский А. Ф.;;1956;;;Арх. Болотский Н. С.;;;59.923879;30.3105813
1;;;;Прокофьев А. А.;Кронверкская ул., 29/37;«В этом доме с 1957 по 1971 год жил и работал выдающийся советский поэт, лауреат Ленинской и Государственной премий, Герой Социалистического Труда Александр Андреевич Прокофьев»;Мемориальная табличка;Прокофьев А. А.;;1972;;;Арх. Гепнер Ф. А., скульптор Аникушин М. К.;https://encspb.ru/image/2805553653/1;;59.9621791;30.3099301
1;;;;Пушкин А. С.;г. Пушкин, Пушкинская ул., 2;"«На этой улице до 1949 года называвшейся Колпинской, в доме вдовы придворного камердинера Анны Китаевой в 1831 году снимал дачу Александр Сергеевич Пушкин. В Царское село он приехал с женой Натальей Николаевной вскоре после свадьбы и прожил в нём с 25 мая до середины октября. Здесь прошли самые счастливые месяцы семейной жизни поэта.

В Царском селе Пушкин много и плодотворно работал. Летом-осенью 1831 года он написал «Письмо Онегина к Татьяне», стихотворения «Эхо», «Чем чаще празднует лицей...», подготовил к печати написанные в Болдино «Повести Белкина».

С 1958 года в здании открыт мемориально-литературный музей «Дом-дача Китаевой» - филиал Всероссийского музея Пушкина.»";Мемориальная табличка;Пушкин А. С.;;1949;;;;;;59.723938;30.40005
1;;;;Пушкин А. С.;г. Пушкин, Садовая ул., 1. Лицей (Ф-231);«В сем здании с 1811 по 1843 год находился Императорский Лицей»;Мемориальная табличка;Пушкин А. С.;;1899;;;;https://encspb.ru/image/2805553727/1;;59.717573;30.396598
1;;;;Пушкин А. С.;Кутузова наб., 32;«Здесь с 1834 года по 1836 год жил Александр Сергеевич Пушкин»;Мемориальная табличка;Пушкин А. С.;;1970;;;Арх. Милорадович Т. Н.;https://encspb.ru/image/2805553799/1;;59.9482796;30.3388149
1;;;;Пушкин А. С.;Конюшенная площадь, 1А;«В этом храме 1 февраля 1837 года по Высочайшему повелению Государя Императора Николая Павловича было совершено отпевание Александра Сергеевича Пушкина»;Мемориальная табличка;Пушкин А. С.;;;;;;;;59.9413262;30.3263144
1;;;;Пушкин А. С.;Набережная реки Мойки, 12.;«В этом доме 29 января 1837 года скончался Александр Сергеевич Пушкин»;Мемориальная табличка;Пушкин А. С.;;1880;;;Арх. Бенуа Н. Л., мастер И. М. Руфиони.;;;59.9412759;30.3211261
1;;;;Пушкин А. С.;Театральная пл., 8.;«В этом доме бывал в 1819–1820 гг. А.С. Пушкин на собраниях литературно-политического кружка “Зеленая лампа»;Мемориальная табличка;Пушкин А. С.;;1937;;;Арх. Санлер Е. Н., Волков П. А.;https://encspb.ru/image/2805553761/1;;59.9254379;30.3000341
1;;Мрамор;;Пушкин А. С.;Галерная ул., 53.;«В этом доме жил Александр Сергеевич Пушкин в 1831–1832 г.»;Мемориальная табличка;Пушкин А. С.;;1935;;;;https://encspb.ru/image/2805553799/1;;59.9317172;30.2886504
1;;;;Пушкин А. С.;Фонтанки реки наб., 185.;«В этом доме по окончании Лицея жил А.С. Пушкин с 1817 г. по 1820 г.»;Мемориальная табличка;Пушкин А. С.;;1937;;;;;;59.9165434;30.2874113
1;;;;Радищев А. Н.;г. Пушкин, Радищева ул., 2.;«Александр Николаевич Радищев (1749–1802), русский писатель-революционер, автор книги “Путешествие из Петербурга в Москву»;Мемориальная табличка;Радищев А. Н.;;1984;;;;;;59.710958;30.406994
1;;Мрамор;;Радищев А. Н.;Марата ул., 14. (Ф-234);«В этом доме с 1775 г. по 1790 г. жил выдающийся революционер Александр Николаевич Радищев. Здесь он напечатал в собственной типографии книгу “Путешествие из Петербурга в Москву»;Мемориальная табличка;Радищев А. Н.;;1949;;;Арх. Варакин И. И.;https://encspb.ru/image/2805553853/1;;59.929321;30.354395
1;;;;Рахманов Л. Н.;Марсово поле, 7.;«В этом доме с 1950 по 1988 год жил писатель Леонид Николаевич Рахманов»;Мемориальная табличка;Рахманов Л. Н.;;1998;;;Арх. Васильковский В. С.;;;59.9420992;30.3298916
1;;;;Рождественский В. А.;Грибоедова канала наб., 9;«В этом доме в 1949–1977 годах жил и работал Всеволод Александрович Рождественский»;Мемориальная табличка;Рождественский В. А.;;1992;;;Арх. Милорадович Т. Н.;;;59.93852;30.3272526
1;;Гранит;;Рылеев К. Ф.;Набережная реки Мойки, 72. (Ф-18);«В этом доме в 1824–1825 годах жил декабрист Кондратий Федорович Рылеев»;Мемориальная табличка;Рылеев К. Ф.;;1975;;;Арх. Исаева В.В.;https://encspb.ru/image/2805525947/1;;59.930927;30.3071143
1;;;;Салтыков-Щедрин М. Е.;Литейный проспект, 60;«В этом доме с 1876 г. жил и в 1889 г. умер Михаил Евграфович Салтыков-Щедрин»;Мемориальная табличка;Салтыков-Щедрин М. Е.;;1955;;;Арх. Егоров М. Ф.;;;59.9337561;30.3482594
1;;;;Саянов В.М.;Чебоксарский пер., 2/9;«В этом доме с 1934 по 1959 г. жил писатель Виссарион Михайлович Саянов»;Мемориальная табличка;Саянов В.М.;;1960;;;Арх. Васильковский В.С.;;;59.9378258;30.32601
1;;Гранит;;Соболев Л. С.;Шпалерная ул., 30;«В этом доме с 1924 по 1971 год жил и работал писатель Леонид Сергеевич Соболев»;Мемориальная табличка;Соболев Л. С.;;1976;;;Арх. Васильковский В. С., Милорадович Т. Н.;;;59.9491509;30.3539878
1;;Мрамор;;Стасов В. В.;Моховая ул., 26.;«В этом доме с 1854 по 1873 г. жил и работал выдающийся русский художественный критик Владимир Васильевич Стасов»;Мемориальная табличка;Стасов В. В.;;1955;;;;https://encspb.ru/image/2805552866/1;;59.9420355;30.3454627
1;;Мрамор;;Стасов В. В.;площадь Островского, 1, Российская национальная библиотека (Ф-250).;«Здесь с 1855 г. по 1906 г. работал выдающийся деятель русской культуры Владимир Васильевич Стасов»;Мемориальная табличка;Стасов В. В.;;1957;;;Арх. Егоров М.Ф., скульптор Клюге Ю. Г.;https://encspb.ru/image/2805554955/1;;59.9334567;30.3358941
1;;;;Сумароков А. П.;В.О., 9-я линия, 14. (Ф-252);«На этом месте находился дом, в котором в 1765–1769 годах жил писатель, поэт, театральный деятель России Александр Петрович Сумароков»;Мемориальная табличка;Сумароков А. П.;;1992;;;Архитектор Петров В.А., скульптор Кубанова Н. В.;https://encspb.ru/image/2805555089/1;;59.9387631;30.2799941
1;;Гранит;;Тихонов Н. С.;Зверинская ул., 2/5. (Ф-254);«Здесь с 1922 по 1944 год жил и работал Герой Социалистического Труда, писатель и общественный деятель Николай Семенович Тихонов»;Мемориальная табличка;Тихонов Н. С.;;1981;;;Арх. Милорадович Т. Н.;https://encspb.ru/image/2805555159/1;;59.9535082;30.2927069
1;;;;Толстой А. Н.;г. Пушкин, Алексея Толстого бульвар, 6/66.;«Алексей Николаевич Толстой (1883–1945), русский советский писатель, жил в городе Пушкине в 1928–1938 годах»;Мемориальная табличка;Толстой А. Н.;;;;;;;;59.729894;30.421111
1;;;;Толстой А. Н.;Ждановская наб., 3.;«В этом доме с 1923 по 1928 год жил и работал писатель Алексей Николаевич Толстой»;Мемориальная табличка;Толстой А. Н.;;1983;;;Арх. Милорадович Т. Н.;https://encspb.ru/image/2805555266/1;;59.9529199;30.2894664
1;;;;Толстой Л.Н.;Фонтанки реки наб., 38.;«В этом доме с 19 ноября 1855 года по 1 января 1856 года жил великий русский писатель Лев Николаевич Толстой»;Мемориальная табличка;Толстой Л.Н.;;1960;;;Арх. Егоров М.Ф., скульпторы: Татарович В. И., Ястребенецкий Г. Д.;;;59.9341699;30.3445255
1;;;;Тургенев И. С.;Большая Конюшенная ул., 13;«В этом доме с 1858 г. по 1860 г. жил великий русский писатель Иван Сергеевич Тургенев»;Мемориальная табличка;Тургенев И. С.;;1969;;;Арх. Попов В.Д.;;;59.9394952;30.3235812
1;;;;Тютчев Ф. И.;г. Пушкин, Малая Улица, 10;"""На этом месте находился дом в котором 15 июля 1873 года скончался поэт Фёдор Иванович Тютчев""";Мемориальная табличка;Тютчев Ф. И.;;;;;;;;59.7207018;30.3977536
1;;Мрамор;;Тютчев Ф. И.;Невский проспект, 42;«В этом доме жил и работал выдающийся русский поэт Федор Иванович Тютчев»;Мемориальная табличка;Тютчев Ф. И.;;1983;;;Арх. Кривов А. С.;https://encspb.ru/image/2805552976/1;;59.9348209;30.3323793
1;;;;Унтола А.;Лесной проспект, 9;«В этом доме в 1902–1904 годах жил выдающийся финский писатель Майю Лассила (Алгот Унтола).»;Мемориальная табличка;Унтола А.;;1991;;;Арх. Васильковский В. С.;;;59.9633823;30.3518667
1;;;;Федин К. А.;Литейный проспект, 33.;«В этом доме с 1922 по 1937 год жил и работал Герой Социалистического Труда, писатель Константин Александрович Федин»;Мемориальная табличка;Федин К. А.;;1981;;;Арх. Милорадович Т. Н., скульптор Додонова Г. В.;https://encspb.ru/image/2805555513/1;;59.9411393;30.3481724
1;;;;Форш О. Д.;Куйбышева ул., 3 (Ф-265);«В этом доме с 1954 года по 1961 год жила писательница Ольга Дмитриевна Форш»;Мемориальная табличка;Форш О. Д.;;1977;;;Арх. Милорадович Т. Н., Васильковский В. С.;https://encspb.ru/image/2805555650/1;;59.9540277;30.3281654
1;;;;Хетагуров К. Л.;Набережная реки Моики, 17/18;«В этом доме жил основоположник осетинского литературного языка, выдающийся поэт и художник, революционный демократ Коста Леванович Хетагуров»;Мемориальная табличка;Хетагуров К. Л.;;1967;;;Арх. Попов В. Д.;;;59.9422905;30.323166
1;;;;Чапыгин А. П.;Литераторов ул., 19;«В этом доме жил с 27-го сентября 1924 г. и скончался 21-го октября 1937 г. советский писатель Алексей Павлович Чапыгин»;Мемориальная табличка;Чапыгин А. П.;;1940;;;Арх. Демков Н. Ф.;https://encspb.ru/image/2805559115/1;;59.969537;30.3114991
1;;;;Чарушин Е. И.;Фонтанки реки наб., 50;«В этом доме с 1948 по 1965 год жил и работал художник и писатель Евгений Иванович Чарушин»;Мемориальная табличка;Чарушин Е. И.;;1975;;;Арх. Милорадович Т. Н.;;;59.9304858;30.341301
1;;Мрамор;;Чернышевский Н. Г.;Большая Московская ул., 6.;«В этом доме с 20 мая 1861 года по 7 июля 1862 года жил и работал великий русский революционный демократ Николай Гаврилович Чернышевский»;Мемориальная табличка;Чернышевский Н. Г.;;1955;;;;https://encspb.ru/image/2805553988/1;;59.9267783;30.3478429
1;;Гранит;;Чуковский К. И.;Манежный пер., 6. (Ф-270);«В этом доме с 1919 по 1938 год жил и работал писатель Корней Иванович Чуковский»;Мемориальная табличка;Чуковский К. И.;;1983;;;Арх. Бухаев В. Б.;https://encspb.ru/image/2805559235/1;;59.9433367;30.3537877
1;;;;Шварц Е. Л.;Малая Посадская ул., 8. (Ф-273);«Доброму сказочнику Евгению Шварцу, жившему в этом доме. “У нас такие тайны — обхохочешься” Е. Шварц»;Мемориальная табличка;Шварц Е. Л.;;1997;;;Авторы: Арх. Бекаревич Г. А., скульпторы Игнатьев П. П., Шевченко С. П.;https://encspb.ru/image/2805559324/1;;59.9579173;30.3214819
1;;Мрамор;;Шевченко Т. Г.;Загородный проспект, 8;«В этом доме 1832–1838 гг. жил великий украинский поэт, революционер-демократ Тарас Григорьевич Шевченко»;Мемориальная табличка;Шевченко Т. Г.;;1961;;;Арх. Попов В. Д.;;;59.9272013;30.3453586
1;;Мрамор;;Шевченко Т. Г.;В.О., Университетская наб., 17, Академия художеств, мемориальная мастерская Т. Г. Шевченко;;Мемориальная табличка;Шевченко Т. Г.;;1911;;;;https://encspb.ru/image/2805559364/1;;59.937532;30.289721
1;;;;Шевченко Т. Г.;В.О., 5-я линия, 8;«В этом доме 1840–1844 гг. жил великий украинский поэт, революционер-демократ Тарас Григорьевич Шевченко. Здесь им созданы поэмы “Сон” и “Гайдамаки»;Мемориальная табличка;Шевченко Т. Г.;;1964;;;Арх. Попов В. Д.;;;59.9385686;30.2870269
1;;;;Шевченко Т. Г.;ул. Шевченко, 1;"""Эта улица в 1961 году названа в честь выдающегося украинского поэта и художника Тараса Григорьевича Шевченко""";Мемориальная табличка;Шевченко Т. Г.;;;;;;;;59.9294389;30.2468357
1;;;;Шелгунов Н. В.;Чернышевского проспект, 13;«В этом доме жил и в 1891 году умер русский революционный демократ и публицист Николай Васильевич Шелгунов»;Мемориальная табличка;Шелгунов Н. В.;;1968;;;Арх. Попов В. Д.;;;59.9456494;30.3590103
1;;;;Шишков В. Я.;г. Пушкин, Московская ул., 9;«В этом доме с 1929 по 1941 жил и работал писатель Вячеслав Яковлевич Шишков»;Мемориальная табличка;Шишков В. Я.;;1961;;;;;;59.721540;30.400153
1;;;;Шишков В. Я.;Чебоксарский пер., 2/9;«В этом доме жил и работал в 1941–1942 гг. Вячеслав Яковлевич Шишков»;Мемориальная табличка;Шишков В. Я.;;1950;;;;https://encspb.ru/image/2805559403/1;;59.9377334;30.3268591
1;;;;Ян В. Г.;Фонтанки реки наб., 53.;«В этом доме с 1909 года по 1912 год жил и работал писатель Василий Григорьевич Ян»;Мемориальная табличка;Ян В. Г.;;1990;;;архитектор Милорадович Т. Н.;;;59.9294976;30.3370912
1;;;;Ахматова А. А.;Воскресенская набережная, 12;;Памятник;Ахматова А. А.;;2006;;;;https://upload.wikimedia.org/wikipedia/commons/thumb/7/7f/Tsentralny_District%2C_St_Petersburg%2C_Russia_-_panoramio_%28252%29.jpg/1280px-Tsentralny_District%2C_St_Petersburg%2C_Russia_-_panoramio_%28252%29.jpg;;59.949191;30.363641
1;;Русский поэт, жизнь и творчество которой тесно связаны с Петербургом-Ленинградом и Царским Селом.;;Ахматова А. А.;Восстания ул.;;Памятник;Ахматова А. А.;;1991;;;Трояновский В.И.;https://avatars.mds.yandex.net/get-altay/14761495/2a000001998b64c2a45db558f0a385d5f532/XXXL;;59.934409;30.359796
1;;;;Ахматова А. А.;Университетская набережная, 7-9-11В;;Памятник;Ахматова А. А.;;;;;;https://avatars.mds.yandex.net/get-altay/10231026/2a0000018efd139f64780a8f8220544d69b3/XXXL;;59.940232;30.298496
1;;Русский поэт. Участница обороны Ленинграда.;;Берггольц О. Ф.;Палевский сад;;Памятник;Берггольц О. Ф.;;;;;;https://avatars.mds.yandex.net/get-altay/1678797/2a00000168e3191d54499c5bf375295b1a70/XXXL;;59.8932210;30.4172239
1;;;;Берггольц О. Ф.;Гороховая улица, 57А;;Памятник;Берггольц О. Ф.;;;;;;https://avatars.mds.yandex.net/get-altay/3836503/2a00000176b2fd39e9a49432f24e1b4c1187/XXXL;;59.925997;30.324764
1;;Русский поэт. Участница обороны Ленинграда.;;Берггольц О. Ф.;набережная Чёрной речки, 20;;Памятник;Берггольц О. Ф.;;;;;;https://avatars.mds.yandex.net/get-altay/9728306/2a0000018a03de3d20a923e1b5f2aebf6323/XXXL;;59.989032;30.292692
1;;;;Блок А. А.;Университетская набережная, 7-9-11В;;Памятник;Блок А. А.;;;;;;https://avatars.mds.yandex.net/get-altay/1975185/2a0000016dd90c917536f9202f629f4f47be/XXXL;;59.939971;30.299660
1;;;;Блок А. А.;улица Декабристов, 55;;Памятник;Блок А. А.;;2023;;;;https://avatars.mds.yandex.net/get-altay/13197739/2a000001909b9db34e669c7d8807430305d7/XXXL;;59.923760;30.283959
1;;;;Бродский И. А.;улица Одоевского, 28;;Памятник;Бродский И. А.;;;;;;https://avatars.mds.yandex.net/get-altay/2812564/2a00000172a44a8915f2224ad42ef6db8c08/XXL_height;;59.946928;30.239451
1;;Немецкий поэт и мыслитель.;;Гёте И. В.;Невский пр., 22—24, у церкви св.;;Памятник;Гёте И. В.;;;;;;https://avatars.mds.yandex.net/get-altay/4612894/2a00000180a81af919f4c606801928cbc481/XXXL;;59.936468;30.324034
1;;Скульптура из бронзы на гранитном постаменте.;;Гоголь Н. В.;Малая Конюшенная ул.;;Памятник;Гоголь Н. В.;;;;;Михаил Владимирович Белов, Владимир Сергеевич Васильковский;https://avatars.mds.yandex.net/get-altay/1514203/2a0000016bb346f16373a1c77186596becb9/XXXL;;59.936400;30.325015
1;;Русский писатель.;;Гоголь Н. В.;Александровский сад, у фонтана перед Адмиралтейством;;Памятник;Гоголь Н. В.;;1896;;;Крейтан Виктор Павлович;https://avatars.mds.yandex.net/get-altay/10534734/2a0000018fb3660bd2875f834cce2fa3a94a/XXXL;;59.93673995;30.30921478
1;;Русский писатель, драматург, общественный деятель.;;Горький М.;Кронверкский проспект, 21/2;;Памятник;Горький М.;;;;;;https://avatars.mds.yandex.net/get-altay/363317/2a0000015cc18adf5bdcc71836201104c681/XXXL;;59.956744;30.319837
1;;Автор комедии «Горе от ума».;;Грибоедов А. С.;Пионерская пл.;;Памятник;Грибоедов А. С.;;;;;;https://avatars.mds.yandex.net/get-altay/5488055/2a0000017ddc85a414f3f930a91af54beb83/XXXL;;59.921490;30.332496
1;;;;Гумилёв Н. С;набережная реки Мойки, 48-50-52;;Памятник;Гумилёв Н. С;;;;;;https://avatars.mds.yandex.net/get-altay/12838938/2a000001924257fbc86b8f4ed832ba1d8fb7/XXXL;;59.932367;30.318302
1;;Русский поэт, государственный деятель.;;Державин Г. Р.;Фонтанки реки наб., 118. Дом-музей Г. Р;;Памятник;Державин Г. Р.;;;;;;https://avatars.mds.yandex.net/get-altay/16899665/2a0000019ab1f69b0f7d1d618f7c31f9cb1c/XXXL;;59.919232;30.310720
1;;;;Добролюбов Н. А.;Большой пр. П.С. на пересечении Введенской ул;;Памятник;Добролюбов Н. А.;;1959;;;Синайский В.А.;https://avatars.mds.yandex.net/get-altay/2006773/2a0000016bf55df68ac62b35fbae344f686e/XXXL;;59.9582543;30.2988255
1;;;;Довлатов С. Д.;ул. Рубинштейна, 25;;Памятник;Довлатов С. Д.;;;;;;https://avatars.mds.yandex.net/get-altay/14885978/2a000001964fc25a2da67f970f2dc91943df/XXXL;;59.927583;30.342933
1;;;;Достоевский Ф. М.;Большая Московская ул., 1;;Памятник;Достоевский Ф. М.;;;;;Холина Любовь Михайловна, Игнатьев Павел;https://avatars.mds.yandex.net/get-altay/10768923/2a0000018c9256db4421584ae12b1e652c97/XXXL;;59.927455;30.347548
1;;;;Есенин С. А.;Парк Есенина;;Памятник;Есенин С. А.;;;;;;https://avatars.mds.yandex.net/get-altay/11924971/2a0000019002e15c72ecd1b4accab12da576/XXXL;;59.9101039;30.4861544
1;;;;Есенин С. А.;Таврический сад;;Памятник;Есенин С. А.;;;;;Чаркин Альберт Серафимович;https://avatars.mds.yandex.net/get-altay/15042938/2a0000019a02f9a22dc0b1cca2045e8e3e53/XXXL;;59.9446222;30.3692486
1;;Памятник в стиле барокко, выполнен из гранита.;;Жуковсккий В. А.;Александровский сад, у Дворцовой Площади;;Памятник;Жуковсккий В. А.;;;;;Михайлов Иван Васильевич, Костомаров Федор Сергеевич;https://avatars.mds.yandex.net/get-altay/176734/2a000001639b8746fe8a95e6de6a132ea6f1/XXXL;;59.9376712;30.3116335
1;;;;Зощенко М. М.;улица Токарева, 7;;Памятник;Зощенко М. М.;;;;;;https://avatars.mds.yandex.net/get-altay/6236523/2a000001803a55374af59e1525848b957742/XXXL;;60.088403;29.955194
1;;Скульптура баснописца.;;Крылов И. А.;Летний сад;;Памятник;Крылов И. А.;;;;;Клодт Петр Карлович, Агин Александр Алексеевич;https://avatars.mds.yandex.net/get-altay/14763246/2a000001958e9180993ee0090fa058904b05/XXXL;;59.9462137;30.3350195
1;;Русский поэт.;;Лермонтов М. Ю.;Александровский сад, у фонтана перед Адмиралтейством;;Памятник;Лермонтов М. Ю.;;1896;;;Крейтан Виктор Павлович;https://avatars.mds.yandex.net/get-altay/13078542/2a0000018fb35bd05483ed33cbb30737fda5/XXXL;;59.9369810;30.3098516
1;;Поэт, прозаик, драматург.;;Лермонтов М. Ю.;Лермонтовский пр., 54;;Памятник;Лермонтов М. Ю.;;;;;Крейтан В.П., Микешин Б.М.;https://avatars.mds.yandex.net/get-altay/2425845/2a00000182493a8a8beba54c377fb06267ae/XXXL;;59.9105729;30.2981974
1;;Учёный, поэт, художник, историк.;;Ломоносов М. В.;Площадь Ломоносова;;Памятник;Ломоносов М. В.;;;;;;https://avatars.mds.yandex.net/get-altay/15431134/2a00000197ea846abd7c26483e191762588d/XXXL;;59.928903;30.334584
1;;Учёный, поэт, художник, историк.;;Ломоносов М. В.;Менделеевская линия В.О.;;Памятник;Ломоносов М. В.;;;;;Свешников Валентин Дмитриевич, Петров Борис Анатольевич;https://avatars.mds.yandex.net/get-altay/10488540/2a0000018aa4d5867bbb647f31f1b0c6fe28/XXXL;;59.940552;30.301619
1;;Учёный, поэт, художник, историк.;;Ломоносов М. В.;г. Ломоносов, Ораниенбаумский пр.;;Памятник;Ломоносов М. В.;;;;;Кочуков Николай Сергеевич, Алымов Александр Иванович, Рощин Владимир Николаевич;https://avatars.mds.yandex.net/get-altay/1777247/2a00000185fee46d9415810e92570af752f9/XXXL;;59.898768;29.779165
1;;Учёный, поэт, художник, историк.;;Ломоносов М. В.;г. Ломоносов, Дворцовый пр., 12/8;;Памятник;Ломоносов М. В.;;;;;Гликман Гавриил Давидович;https://avatars.mds.yandex.net/get-altay/1777247/2a00000185fed863c91c5b0773bc913ac1a4/XXXL;;59.914928;29.773675
1;;Русский поэт.;;Мандельштам О. Э.;Шереметевский сад, Литейный проспект, 53;;Памятник;Мандельштам О. Э.;;;;;;https://avatars.mds.yandex.net/get-altay/15487932/2a00000199f7b76680f2d173f7a78ee0eff4/XXXL;;59.936060;30.346422
1;;Русский поэт, родоначальник советской литературы.;;Маяковский В. В.;улица Маяковского, 28;;Памятник;Маяковский В. В.;;;;;;https://avatars.mds.yandex.net/get-altay/4365916/2a0000017753c8e9c8a37decb06641ce7ee6/XXXL;;59.938699;30.354880
1;;Поэт, национально-освободительный деятель.;;Мицкевич А.;Графский пер., 8;;Памятник;Мицкевич А.;;;;;Ястребенецкий Григорий Данилович;https://avatars.mds.yandex.net/get-altay/7179902/2a00000183f192bbd4d2b939052b33337f62/XXXL;;59.930506;30.346053
1;;;;Некрасов Н. А.;Некрасовский сад;;Памятник;Некрасов Н. А.;;1971;;;Эйдлин Леонид Юльевич;https://avatars.mds.yandex.net/get-altay/7383884/2a0000018305385ce39c923c9dfa6f1a12ad/XXXL;;59.9377278;30.3676205
1;;;;Некрасов Н. А.;Литейный пр., 37, сад Дома Пашкова;;Памятник;Некрасов Н. А.;;1922;;;Лишев Всеволод Всеволодович;https://avatars.mds.yandex.net/get-altay/6272620/2a000001837e8d9ee5d142400f10020e00bf/XXXL;;59.9403687;30.3475043
1;;Огранитный обелиск;;Пушкин А. С.;Московское шоссе, 23-й км, Московская Славянка;;Памятник;Пушкин А. С.;;1957;;;;https://avatars.mds.yandex.net/get-altay/10231026/2a0000018f2fc754e847d5db73b1566f41f6/XXXL;;59.748697;30.497298
1;;Красный гранитная статуя.;;Пушкин А. С.;г. Пушкин, Дворцовая ул., Лицейский сад;;Памятник;Пушкин А. С.;;;;;Бах Роберт Романович, Бах Александр Романович;https://avatars.mds.yandex.net/get-altay/4377463/2a00000181e9d73c8a71f5aa53a23f0e2749/XXXL;;59.7184585;30.3967580
1;;Бронзовая статуя на гранитном постаменте и парапете.;;Пушкин А. С.;г. Пушкин, Октябрьский бульвар, у Египетских ворот;;Памятник;Пушкин А. С.;;;;;Бернштам Леопольд Адольфович, Яковлев Всеволод Иванович;https://avatars.mds.yandex.net/get-altay/774756/2a0000018e8128ad0fd286bd145754f4a226/XXXL;;59.728610;30.395078
1;;;;Пушкин А. С.;Пушкинская ул.;;Памятник;Пушкин А. С.;;;;;;https://avatars.mds.yandex.net/get-altay/4200646/2a00000175c28bffe789b1bfe5d9012edd5e/XXXL;;59.928973;30.356782
1;;;;Пушкин А. С.;Искусств пл.;;Памятник;Пушкин А. С.;;1957;;;Аникушин Михаил Константинович;https://avatars.mds.yandex.net/get-altay/15278128/2a00000197ead86a95b6df69967684e80c9a/XXXL;;59.937257;30.331640
1;;Демонтирован;;Пушкин А. С.;Пулковское шоссе, поворот на г. Пушкин;;Памятник;Пушкин А. С.;;1956;;;Мануйлов Аполлон Александрович;https://spbvedomosti.ru/upload/resize_cache/webp/iblock/9ef/Demontazh-pamyatnika.webp;;59.776877;30.326321
1;;;;Пушкин А. С.;Мойки реки наб., 12;;Памятник;Пушкин А. С.;;1952;;;Дыдыкин Николай Васильевич;https://avatars.mds.yandex.net/get-altay/16474107/2a0000019b31e792d9a25c20d458d16671e2/XXXL;;59.940983;30.321558
1;;Бронзовый бюст на гранитном постаменте.;;Пушкин А. С.;Макарова наб., 4, ИРЛИ;;Памятник;Пушкин А. С.;;;;;Шредер Иван Николаевич, Одновалов Станислав Павлович;https://avatars.mds.yandex.net/get-altay/5120632/2a000001904922ee282d21bcc919db81ceaa/XXXL;;59.944982;30.301355
1;;Русский писатель.;;Тургенев И. С.;Старо-манежный сад, Манежная пл., 2;;Памятник;Тургенев И. С.;;;;;Нейман Ян Янович;https://avatars.mds.yandex.net/get-altay/16920891/2a000001995dc28cbd7fd9844e18cea7ef9d/XXXL;;59.9362594;30.3388161
1;;Революционный демократ, писатель, философ, литературный критик.;;Чернышевский Н. Г.;площадь Чернышевского;;Памятник;Чернышевский Н. Г.;;;;;Лишев Всеволод Всеволодович, Яковлев Всеволод Иванович;https://avatars.mds.yandex.net/get-altay/14296560/2a0000019303f938cf9ace0938b272dd8803/XXXL;;59.8689025;30.3195512
1;;Украинский поэт, родоначальник новой украинской литературы.;;Шевченко Т. Г.;Площадь Шевченко;;Памятник;Шевченко Т. Г.;;;;;;https://avatars.mds.yandex.net/get-altay/372953/2a0000015ffd7425b6c32db9dbde154c1ee3/XXXL;;59.9669008;30.3064388
;1;;"Эта переправа считается самой короткой в Северной столице. Ее длина всего девятнадцать метров. Во времена «Преступления и наказания» мост был деревянным, перестроили его только после войны, в 1946 году.

С Кокушкиным мостом мы знакомимся в самом начале романа.

А на следующий день после убийства Раскольников хотел схоронить концы именно здесь. Задумывал «бросить все в канаву», да на набережной оказалось слишком многолюдно.";Кокушкин мост;;;Место действия;Достоевский Ф. М.;Родион Раскольников;;"""Преступление и наказание""";1866;;https://p0.citywalls.ru/photo_426-437024.jpg?mt=1584745178;"«В начале июля, в чрезвычайно жаркое время, под вечер, один молодой человек вышел из своей каморки, которую нанимал от жильцов в С-м переулке, и медленно, как бы в нерешимости, отправился в К-ну мосту».

«Или плоты стояли у самых сходов и на них прачки мыли белье, или лодки были причалены, и везде люди так и кишат»";59.925817;30.313629
